Year,Average Purchase Frequency
2011,1.562629757785467
2012,1.755847484780519
2013,1.9186856028961292
2014,2.2459473150962515
