,profit,shipping_cost,profit_margin
profit,1.0,0.35444082723433984,0.35728989114761095
shipping_cost,0.35444082723433984,1.0,0.06766697599903086
profit_margin,0.35728989114761095,0.06766697599903086,1.0
