Sub-Category,Total Profit
Tables,-64083.3887
Fasteners,11525.4241
Labels,15010.512
Supplies,22583.2631
Envelopes,29601.1163
Furnishings,46967.4255
Art,57953.9109
Machines,58867.873
Paper,59207.6827
Binders,72449.846
Storage,108461.4898
Accessories,129626.3062
Chairs,140396.2675
Appliances,141680.5894
Bookcases,161924.4195
Phones,216717.00579999998
Copiers,258567.54818
