Region,Total Profit
Canada,17817.39
Southeast Asia,17852.328999999998
Caribbean,34571.32104
EMEA,43897.971
Africa,88871.631
East,91522.78
West,108418.4489
Oceania,120089.112
Central Asia,132480.187
South,140355.76618
North Asia,165578.421
North,194597.95252
Central,311403.98164
