Year Pair,Retention Rate
2011-2012,0.6743944636678201
2012-2013,0.7584107657801986
2013-2014,0.8201058201058201
